{
  "logisticregression": {
    "accuracy": 0.7859205169986058,
    "precision": 0.7738469664883431,
    "recall": 0.8075898801597869,
    "f1_score": 0.7903584392293944,
    "confusion_matrix": [
      [
        608016,
        187527
      ],
      [
        152881,
        641677
      ]
    ]
  },
  "lightgbm": {
    "accuracy": 0.7658997761777396,
    "precision": 0.7412101086463584,
    "recall": 0.816632643557802,
    "f1_score": 0.7770955953021826,
    "confusion_matrix": [
      [
        568996,
        226547
      ],
      [
        145696,
        648862
      ]
    ]
  }
}