{"data": [0.16846607282442977, 0.20990165687924528, 0.3346143209641423, 0.33297976146621777, 0.21799619722216673, 0.3040070416190531, 0.38355231452590915, 0.37838126579486303, 0.3563393908587247, 0.3840742978754267, 0.3163343134367963, 0.4555785157458678, 0.2656144080803095, 0.5630014676039152, 0.5521405181919248, 0.26589138693361264, 0.21274290765946766, 0.2237954144712237, 0.34162106892591254, 0.4818728991270331, 0.4242622233651406, 0.5523159949113016, 0.4113819326514395, 0.5564840428220882, 0.41296118445295493, 0.5920755658761501, 0.38898745962281334, 0.466497820061342, 0.4209208286763966, 0.45497402588754277, 0.4968831169281798], "indices": [8256, 9940, 656, 8127, 670, 4035, 8280, 8128, 1840, 9944, 7400, 9927, 1363, 1484, 9160, 9315, 2939, 3234, 4685, 5000, 2793, 929, 1414, 5272, 6953, 7322, 6400, 4021, 7312, 5531, 3899], "indptr": [0, 10, 15, 22, 26, 31], "shape": [5, 10000]}